name,age
emirhan,321
emirhan,321
emirhan,321
emirhan,321
emirhan,321
emirhan,321
fdfds,4343
fdfds,4343
fdfds,4343
fdfds,4343
fdfds,4343
fdfds,4343
fdskjf,3424
fdskjf,3424
fdskjf,3424
fdskjf,3424
fdskjf,3424
fdskjf,3424
graph,40
graph,40
graph,40
graph,40
graph,40
graph,40
hello,45
hello,45
hello,45
hello,45
hello,45
hello,45
homework,50
homework,50
homework,50
homework,50
homework,50
homework,50
john,29
john,29
john,29
john,29
john,29
john,29
kfdslnfkldsjf,43242
kfdslnfkldsjf,43242
kfdslnfkldsjf,43242
kfdslnfkldsjf,43242
kfdslnfkldsjf,43242
kfdslnfkldsjf,43242
mike,20
mike,20
mike,20
mike,20
mike,20
mike,20
ruchan,60
ruchan,60
ruchan,60
ruchan,60
ruchan,60
ruchan,60
ryan,30
ryan,30
ryan,30
ryan,30
ryan,30
ryan,30
script,30
script,30
script,30
script,30
script,30
script,30
world,1
world,1
world,1
world,1
world,1
world,1
